{"cameraMode":{"drawMode":0,"name":"Shaded","section":"Shading Mode"},"sceneLighting":true,"audioPlay":false,"sceneViewState":{"showFog":true,"showMaterialUpdate":false,"showSkybox":true,"showFlares":true,"showImageEffects":true,"showParticleSystems":true},"in2DMode":false,"pivot":{"x":-4.568892955780029,"y":-3.4532666206359865,"z":-4.591745376586914},"rotation":{"x":-0.09341388940811157,"y":0.9033836126327515,"z":-0.25324180722236636,"w":-0.3332449793815613},"size":20.904386520385743,"orthographic":false}