{"cameraMode":{"drawMode":0,"name":"Shaded","section":"Shading Mode"},"sceneLighting":true,"audioPlay":false,"sceneViewState":{"showFog":true,"showMaterialUpdate":false,"showSkybox":true,"showFlares":true,"showImageEffects":true,"showParticleSystems":true},"in2DMode":false,"pivot":{"x":0.10037553310394287,"y":-0.784439206123352,"z":-0.6674261093139648},"rotation":{"x":-0.046792641282081607,"y":-0.0009011512738652527,"z":0.000041549468733137473,"w":-0.9989126920700073},"size":3.975201368331909,"orthographic":false}